{"cameraMode":{"drawMode":0,"name":"Shaded","section":"Shading Mode"},"sceneLighting":false,"audioPlay":false,"sceneViewState":{"showFog":true,"showMaterialUpdate":false,"showSkybox":false,"showFlares":true,"showImageEffects":true,"showParticleSystems":true,"showVisualEffectGraphs":true,"m_FxEnabled":true},"in2DMode":false,"pivot":{"x":1.176435112953186,"y":5.236224174499512,"z":-0.7232972383499146},"rotation":{"x":0.12417810410261154,"y":-0.09080763906240463,"z":0.01134105771780014,"w":0.9880300760269165},"size":0.000017328351532341912,"orthographic":false}