{"cameraMode":{"drawMode":0,"name":"Shaded","section":"Shading Mode"},"sceneLighting":false,"audioPlay":false,"sceneViewState":{"showFog":true,"showMaterialUpdate":false,"showSkybox":false,"showFlares":true,"showImageEffects":true,"showParticleSystems":true,"showVisualEffectGraphs":true,"m_FxEnabled":true},"in2DMode":false,"pivot":{"x":2.13242244720459,"y":3.4079368114471437,"z":-4.790825366973877},"rotation":{"x":0.11710034310817719,"y":-0.05077473819255829,"z":0.005923278629779816,"w":0.9918028116226196},"size":0.000017320508050033823,"orthographic":false}