{"cameraMode":{"drawMode":0,"name":"Shaded","section":"Shading Mode"},"sceneLighting":true,"audioPlay":false,"sceneViewState":{"showFog":true,"showMaterialUpdate":false,"showSkybox":true,"showFlares":true,"showImageEffects":true,"showParticleSystems":true,"showVisualEffectGraphs":true,"m_FxEnabled":true},"in2DMode":false,"pivot":{"x":27.370704650878908,"y":35.82041549682617,"z":-91.72168731689453},"rotation":{"x":-0.05873505026102066,"y":0.03652561083436012,"z":-0.0021540499292314054,"w":-0.9975778460502625},"size":28.963266372680665,"orthographic":false}