{"cameraMode":{"drawMode":0,"name":"Shaded","section":"Shading Mode"},"sceneLighting":true,"audioPlay":false,"sceneViewState":{"showFog":true,"showMaterialUpdate":false,"showSkybox":true,"showFlares":true,"showImageEffects":true,"showParticleSystems":true,"showVisualEffectGraphs":true,"m_FxEnabled":true},"in2DMode":false,"pivot":{"x":2.211104393005371,"y":46.62565994262695,"z":-1.9438437223434449},"rotation":{"x":0.032763078808784488,"y":-0.20050650835037232,"z":0.02922472357749939,"w":0.9787052869796753},"size":0.4330126941204071,"orthographic":false}