{"cameraMode":{"drawMode":0,"name":"Shaded","section":"Shading Mode"},"sceneLighting":true,"audioPlay":false,"sceneViewState":{"showFog":true,"showMaterialUpdate":false,"showSkybox":true,"showFlares":true,"showImageEffects":true,"showParticleSystems":true,"showVisualEffectGraphs":true,"m_FxEnabled":true},"in2DMode":false,"pivot":{"x":-5.943840980529785,"y":50.46135711669922,"z":-31.672550201416017},"rotation":{"x":-0.07193771004676819,"y":-0.09202929586172104,"z":0.006665854714810848,"w":-0.9931246042251587},"size":1.5670485496520997,"orthographic":false}