{"cameraMode":{"drawMode":0,"name":"Shaded","section":"Shading Mode"},"sceneLighting":true,"audioPlay":false,"sceneViewState":{"showFog":true,"showMaterialUpdate":false,"showSkybox":true,"showFlares":true,"showImageEffects":true,"showParticleSystems":true,"showVisualEffectGraphs":true,"m_FxEnabled":true},"in2DMode":false,"pivot":{"x":13.07097053527832,"y":47.226173400878909,"z":-31.67774772644043},"rotation":{"x":-0.010801553726196289,"y":0.0380859337747097,"z":-0.00041405062074773014,"w":-0.9991936683654785},"size":28.963266372680665,"orthographic":false}