{"cameraMode":{"drawMode":0,"name":"Shaded","section":"Shading Mode"},"sceneLighting":false,"audioPlay":false,"sceneViewState":{"showFog":true,"showMaterialUpdate":false,"showSkybox":false,"showFlares":true,"showImageEffects":true,"showParticleSystems":true,"showVisualEffectGraphs":true,"m_FxEnabled":true},"in2DMode":false,"pivot":{"x":1.2606713771820069,"y":2.9479715824127199,"z":-2.1176347732543947},"rotation":{"x":0.17560043931007386,"y":-0.26110464334487917,"z":0.05000299587845802,"w":0.9478859901428223},"size":0.00001732835517032072,"orthographic":false}