{"cameraMode":{"drawMode":0,"name":"Shaded","section":"Shading Mode"},"sceneLighting":false,"audioPlay":false,"sceneViewState":{"showFog":true,"showMaterialUpdate":false,"showSkybox":false,"showFlares":true,"showImageEffects":true,"showParticleSystems":true,"showVisualEffectGraphs":true,"m_FxEnabled":true},"in2DMode":false,"pivot":{"x":3.0314533710479738,"y":3.5257363319396974,"z":-2.4792864322662355},"rotation":{"x":0.1758236587047577,"y":-0.25683653354644778,"z":0.04921228811144829,"w":0.9490513205528259},"size":0.000017328351532341912,"orthographic":false}