{"cameraMode":{"drawMode":0,"name":"Shaded","section":"Shading Mode"},"sceneLighting":false,"audioPlay":false,"sceneViewState":{"showFog":true,"showMaterialUpdate":false,"showSkybox":false,"showFlares":true,"showImageEffects":true,"showParticleSystems":true,"showVisualEffectGraphs":true,"m_FxEnabled":true},"in2DMode":false,"pivot":{"x":4.744070053100586,"y":3.0170040130615236,"z":-9.867965698242188},"rotation":{"x":-0.09766466170549393,"y":0.17138531804084779,"z":-0.01707485504448414,"w":-0.9801961183547974},"size":0.000017328351532341912,"orthographic":false}