{"cameraMode":{"drawMode":0,"name":"Shaded","section":"Shading Mode"},"sceneLighting":false,"audioPlay":false,"sceneViewState":{"showFog":true,"showMaterialUpdate":false,"showSkybox":false,"showFlares":true,"showImageEffects":true,"showParticleSystems":true,"showVisualEffectGraphs":true,"m_FxEnabled":true},"in2DMode":false,"pivot":{"x":4.567923069000244,"y":2.582014560699463,"z":-3.12321138381958},"rotation":{"x":0.10002662986516953,"y":-0.17445215582847596,"z":0.017703454941511155,"w":0.9794114828109741},"size":0.0000173361931956606,"orthographic":false}