{"cameraMode":{"drawMode":0,"name":"Shaded","section":"Shading Mode"},"sceneLighting":true,"audioPlay":false,"sceneViewState":{"showFog":true,"showMaterialUpdate":false,"showSkybox":false,"showFlares":true,"showImageEffects":true,"showParticleSystems":true,"showVisualEffectGraphs":true,"m_FxEnabled":true},"in2DMode":false,"pivot":{"x":-6.371190547943115,"y":-5.869028568267822,"z":15.931633949279786},"rotation":{"x":0.17996573448181153,"y":-0.22145186364650727,"z":0.041505925357341769,"w":0.9575209617614746},"size":23.495267868041993,"orthographic":false}