{"cameraMode":{"drawMode":0,"name":"Shaded","section":"Shading Mode"},"sceneLighting":false,"audioPlay":false,"sceneViewState":{"showFog":true,"showMaterialUpdate":false,"showSkybox":false,"showFlares":true,"showImageEffects":true,"showParticleSystems":true,"showVisualEffectGraphs":true,"m_FxEnabled":true},"in2DMode":false,"pivot":{"x":2.5329842567443849,"y":1.8414068222045899,"z":-2.6266472339630129},"rotation":{"x":0.13944889605045319,"y":-0.17943644523620606,"z":0.025589441880583764,"w":0.973499059677124},"size":0.000017328351532341912,"orthographic":false}