{"cameraMode":{"drawMode":0,"name":"Shaded","section":"Shading Mode"},"sceneLighting":false,"audioPlay":false,"sceneViewState":{"showFog":true,"showMaterialUpdate":false,"showSkybox":false,"showFlares":true,"showImageEffects":true,"showParticleSystems":true,"showVisualEffectGraphs":true,"m_FxEnabled":true},"in2DMode":false,"pivot":{"x":-0.20757192373275758,"y":0.6927165389060974,"z":0.13464021682739259},"rotation":{"x":-0.0033091281075030567,"y":0.02159583941102028,"z":-0.00007168702722992748,"w":-0.9997544884681702},"size":1.5670489072799683,"orthographic":false}