{"cameraMode":{"drawMode":0,"name":"Shaded","section":"Shading Mode"},"sceneLighting":false,"audioPlay":false,"sceneViewState":{"showFog":true,"showMaterialUpdate":false,"showSkybox":false,"showFlares":true,"showImageEffects":true,"showParticleSystems":true,"showVisualEffectGraphs":true,"m_FxEnabled":true},"in2DMode":false,"pivot":{"x":3.2639315128326418,"y":2.0906929969787599,"z":-2.2644035816192629},"rotation":{"x":0.15446873009204865,"y":-0.248322531580925,"z":0.040030792355537418,"w":0.9554427862167358},"size":0.000017328351532341912,"orthographic":false}