{"cameraMode":{"drawMode":0,"name":"Shaded","section":"Shading Mode"},"sceneLighting":false,"audioPlay":false,"sceneViewState":{"showFog":true,"showMaterialUpdate":false,"showSkybox":false,"showFlares":true,"showImageEffects":true,"showParticleSystems":true,"showVisualEffectGraphs":true,"m_FxEnabled":true},"in2DMode":false,"pivot":{"x":-3.8420419692993166,"y":-1.8350512981414796,"z":6.290782451629639},"rotation":{"x":0.17560042440891267,"y":-0.26110464334487917,"z":0.050002992153167728,"w":0.9478859305381775},"size":4.965789794921875,"orthographic":false}