{"cameraMode":{"drawMode":0,"name":"Shaded","section":"Shading Mode"},"sceneLighting":false,"audioPlay":false,"sceneViewState":{"showFog":true,"showMaterialUpdate":false,"showSkybox":false,"showFlares":true,"showImageEffects":true,"showParticleSystems":true,"showVisualEffectGraphs":true,"m_FxEnabled":true},"in2DMode":false,"pivot":{"x":10.182840347290039,"y":5.537227153778076,"z":-10.02804183959961},"rotation":{"x":0.1343826800584793,"y":-0.31219980120658877,"z":0.046025000512599948,"w":0.9393370151519775},"size":0.000017320508050033823,"orthographic":false}