{"cameraMode":{"drawMode":0,"name":"Shaded","section":"Shading Mode"},"sceneLighting":false,"audioPlay":false,"sceneViewState":{"showFog":true,"showMaterialUpdate":false,"showSkybox":false,"showFlares":true,"showImageEffects":true,"showParticleSystems":true,"showVisualEffectGraphs":true,"m_FxEnabled":true},"in2DMode":false,"pivot":{"x":4.314292907714844,"y":3.0888829231262209,"z":-6.1990485191345219},"rotation":{"x":0.1362604945898056,"y":-0.20698282122612,"z":0.029125412926077844,"w":0.9683703780174255},"size":0.000017320508050033823,"orthographic":false}